Repo,App,Status,Notes,PR Link
"truvolv/demo","baths-lp","success","API route updated, 404 page and core events page created","https://github.com/truvolv/demo/pull/8"
"truvolv/demo","bryan-espey","success","API route updated, 404 page and core events page created","https://github.com/truvolv/demo/pull/8"
"truvolv/demo","carrie-testing","success","API route updated, 404 page and core events page created","https://github.com/truvolv/demo/pull/8"
"truvolv/demo","carrie-testing-2","success","API route updated, 404 page and core events page created","https://github.com/truvolv/demo/pull/8"
"truvolv/demo","carrie-testing-site","success","API route updated, 404 page and core events page created","https://github.com/truvolv/demo/pull/8"
"truvolv/demo","chace-test","success","API route updated, 404 page and core events page created","https://github.com/truvolv/demo/pull/8"
"truvolv/demo","cody-test","success","API route updated, 404 page and core events page created","https://github.com/truvolv/demo/pull/8"
"truvolv/demo","eden-testing","success","API route updated, 404 page and core events page created","https://github.com/truvolv/demo/pull/8"
"truvolv/demo","elliot-testing","success","API route updated, 404 page and core events page created","https://github.com/truvolv/demo/pull/8"
"truvolv/demo","fewa-test-demo-site","success","API route updated, 404 page and core events page created","https://github.com/truvolv/demo/pull/8"
